"sequence_id","position","state","group","channel","weight"
"S001",1,"C","reference","primary",1
"S002",1,"A","comparison","primary",1
"S003",1,"A","reference","primary",1
"S004",1,"C","comparison","primary",1
"S005",1,"C","reference","primary",1
"S006",1,"A","comparison","primary",1
"S007",1,"A","reference","primary",1
"S008",1,"C","comparison","primary",1
"S009",1,"C","reference","primary",1
"S010",1,"A","comparison","primary",1
"S011",1,"A","reference","primary",1
"S012",1,"C","comparison","primary",1
"S013",1,"C","reference","primary",1
"S014",1,"A","comparison","primary",1
"S015",1,"A","reference","primary",1
"S016",1,"C","comparison","primary",1
"S017",1,"C","reference","primary",1
"S018",1,"A","comparison","primary",1
"S019",1,"A","reference","primary",1
"S020",1,"C","comparison","primary",1
"S021",1,"C","reference","primary",1
"S022",1,"A","comparison","primary",1
"S023",1,"A","reference","primary",1
"S024",1,"C","comparison","primary",1
"S025",1,"C","reference","primary",1
"S026",1,"A","comparison","primary",1
"S027",1,"A","reference","primary",1
"S028",1,"C","comparison","primary",1
"S029",1,"C","reference","primary",1
"S030",1,"A","comparison","primary",1
"S031",1,"A","reference","primary",1
"S032",1,"C","comparison","primary",1
"S033",1,"C","reference","primary",1
"S034",1,"A","comparison","primary",1
"S035",1,"A","reference","primary",1
"S036",1,"C","comparison","primary",1
"S037",1,"C","reference","primary",1
"S038",1,"A","comparison","primary",1
"S039",1,"A","reference","primary",1
"S040",1,"C","comparison","primary",1
"S041",1,"C","reference","primary",1
"S042",1,"A","comparison","primary",1
"S043",1,"A","reference","primary",1
"S044",1,"C","comparison","primary",1
"S045",1,"C","reference","primary",1
"S046",1,"A","comparison","primary",1
"S047",1,"A","reference","primary",1
"S048",1,"C","comparison","primary",1
"S049",1,"C","reference","primary",1
"S050",1,"A","comparison","primary",1
"S051",1,"A","reference","primary",1
"S052",1,"C","comparison","primary",1
"S053",1,"C","reference","primary",1
"S054",1,"A","comparison","primary",1
"S055",1,"A","reference","primary",1
"S056",1,"C","comparison","primary",1
"S057",1,"C","reference","primary",1
"S058",1,"A","comparison","primary",1
"S059",1,"A","reference","primary",1
"S060",1,"C","comparison","primary",1
"S061",1,"C","reference","primary",1
"S062",1,"A","comparison","primary",1
"S063",1,"A","reference","primary",1
"S064",1,"C","comparison","primary",1
"S065",1,"C","reference","primary",1
"S066",1,"A","comparison","primary",1
"S067",1,"A","reference","primary",1
"S068",1,"C","comparison","primary",1
"S069",1,"C","reference","primary",1
"S070",1,"A","comparison","primary",1
"S071",1,"A","reference","primary",1
"S072",1,"C","comparison","primary",1
"S001",2,"D","reference","primary",1
"S002",2,"C","comparison","primary",1
"S003",2,"B","reference","primary",1
"S004",2,"A","comparison","primary",1
"S005",2,"D","reference","primary",1
"S006",2,"C","comparison","primary",1
"S007",2,"B","reference","primary",1
"S008",2,"A","comparison","primary",1
"S009",2,"D","reference","primary",1
"S010",2,"C","comparison","primary",1
"S011",2,"B","reference","primary",1
"S012",2,"A","comparison","primary",1
"S013",2,"D","reference","primary",1
"S014",2,"C","comparison","primary",1
"S015",2,"B","reference","primary",1
"S016",2,"A","comparison","primary",1
"S017",2,"D","reference","primary",1
"S018",2,"C","comparison","primary",1
"S019",2,"B","reference","primary",1
"S020",2,"A","comparison","primary",1
"S021",2,"D","reference","primary",1
"S022",2,"C","comparison","primary",1
"S023",2,"B","reference","primary",1
"S024",2,"A","comparison","primary",1
"S025",2,"D","reference","primary",1
"S026",2,"C","comparison","primary",1
"S027",2,"B","reference","primary",1
"S028",2,"A","comparison","primary",1
"S029",2,"D","reference","primary",1
"S030",2,"C","comparison","primary",1
"S031",2,"B","reference","primary",1
"S032",2,"A","comparison","primary",1
"S033",2,"D","reference","primary",1
"S034",2,"C","comparison","primary",1
"S035",2,"B","reference","primary",1
"S036",2,"A","comparison","primary",1
"S037",2,"D","reference","primary",1
"S038",2,"C","comparison","primary",1
"S039",2,"B","reference","primary",1
"S040",2,"A","comparison","primary",1
"S041",2,"D","reference","primary",1
"S042",2,"C","comparison","primary",1
"S043",2,"B","reference","primary",1
"S044",2,"A","comparison","primary",1
"S045",2,"D","reference","primary",1
"S046",2,"C","comparison","primary",1
"S047",2,"B","reference","primary",1
"S048",2,"A","comparison","primary",1
"S049",2,"D","reference","primary",1
"S050",2,"C","comparison","primary",1
"S051",2,"B","reference","primary",1
"S052",2,"A","comparison","primary",1
"S053",2,"D","reference","primary",1
"S054",2,"C","comparison","primary",1
"S055",2,"B","reference","primary",1
"S056",2,"A","comparison","primary",1
"S057",2,"D","reference","primary",1
"S058",2,"C","comparison","primary",1
"S059",2,"B","reference","primary",1
"S060",2,"A","comparison","primary",1
"S061",2,"D","reference","primary",1
"S062",2,"C","comparison","primary",1
"S063",2,"B","reference","primary",1
"S064",2,"A","comparison","primary",1
"S065",2,"D","reference","primary",1
"S066",2,"C","comparison","primary",1
"S067",2,"B","reference","primary",1
"S068",2,"A","comparison","primary",1
"S069",2,"D","reference","primary",1
"S070",2,"C","comparison","primary",1
"S071",2,"B","reference","primary",1
"S072",2,"A","comparison","primary",1
"S001",3,"A","reference","primary",1
"S002",3,"A","comparison","primary",1
"S003",3,"C","reference","primary",1
"S004",3,"C","comparison","primary",1
"S005",3,"A","reference","primary",1
"S006",3,"A","comparison","primary",1
"S007",3,"C","reference","primary",1
"S008",3,"C","comparison","primary",1
"S009",3,"A","reference","primary",1
"S010",3,"A","comparison","primary",1
"S011",3,"C","reference","primary",1
"S012",3,"C","comparison","primary",1
"S013",3,"A","reference","primary",1
"S014",3,"A","comparison","primary",1
"S015",3,"C","reference","primary",1
"S016",3,"C","comparison","primary",1
"S017",3,"A","reference","primary",1
"S018",3,"A","comparison","primary",1
"S019",3,"C","reference","primary",1
"S020",3,"C","comparison","primary",1
"S021",3,"A","reference","primary",1
"S022",3,"A","comparison","primary",1
"S023",3,"C","reference","primary",1
"S024",3,"C","comparison","primary",1
"S025",3,"A","reference","primary",1
"S026",3,"A","comparison","primary",1
"S027",3,"C","reference","primary",1
"S028",3,"C","comparison","primary",1
"S029",3,"A","reference","primary",1
"S030",3,"A","comparison","primary",1
"S031",3,"C","reference","primary",1
"S032",3,"C","comparison","primary",1
"S033",3,"A","reference","primary",1
"S034",3,"A","comparison","primary",1
"S035",3,"C","reference","primary",1
"S036",3,"C","comparison","primary",1
"S037",3,"A","reference","primary",1
"S038",3,"A","comparison","primary",1
"S039",3,"C","reference","primary",1
"S040",3,"C","comparison","primary",1
"S041",3,"A","reference","primary",1
"S042",3,"A","comparison","primary",1
"S043",3,"C","reference","primary",1
"S044",3,"C","comparison","primary",1
"S045",3,"A","reference","primary",1
"S046",3,"A","comparison","primary",1
"S047",3,"C","reference","primary",1
"S048",3,"C","comparison","primary",1
"S049",3,"A","reference","primary",1
"S050",3,"A","comparison","primary",1
"S051",3,"C","reference","primary",1
"S052",3,"C","comparison","primary",1
"S053",3,"A","reference","primary",1
"S054",3,"A","comparison","primary",1
"S055",3,"C","reference","primary",1
"S056",3,"C","comparison","primary",1
"S057",3,"A","reference","primary",1
"S058",3,"A","comparison","primary",1
"S059",3,"C","reference","primary",1
"S060",3,"C","comparison","primary",1
"S061",3,"A","reference","primary",1
"S062",3,"A","comparison","primary",1
"S063",3,"C","reference","primary",1
"S064",3,"C","comparison","primary",1
"S065",3,"A","reference","primary",1
"S066",3,"A","comparison","primary",1
"S067",3,"C","reference","primary",1
"S068",3,"C","comparison","primary",1
"S069",3,"A","reference","primary",1
"S070",3,"A","comparison","primary",1
"S071",3,"C","reference","primary",1
"S072",3,"C","comparison","primary",1
"S001",4,"B","reference","primary",1
"S002",4,"C","comparison","primary",1
"S003",4,"D","reference","primary",1
"S004",4,"A","comparison","primary",1
"S005",4,"B","reference","primary",1
"S006",4,"C","comparison","primary",1
"S007",4,"D","reference","primary",1
"S008",4,"A","comparison","primary",1
"S009",4,"B","reference","primary",1
"S010",4,"C","comparison","primary",1
"S011",4,"D","reference","primary",1
"S012",4,"A","comparison","primary",1
"S013",4,"B","reference","primary",1
"S014",4,"C","comparison","primary",1
"S015",4,"D","reference","primary",1
"S016",4,"A","comparison","primary",1
"S017",4,"B","reference","primary",1
"S018",4,"C","comparison","primary",1
"S019",4,"D","reference","primary",1
"S020",4,"A","comparison","primary",1
"S021",4,"B","reference","primary",1
"S022",4,"C","comparison","primary",1
"S023",4,"D","reference","primary",1
"S024",4,"A","comparison","primary",1
"S025",4,"B","reference","primary",1
"S026",4,"C","comparison","primary",1
"S027",4,"D","reference","primary",1
"S028",4,"A","comparison","primary",1
"S029",4,"B","reference","primary",1
"S030",4,"C","comparison","primary",1
"S031",4,"D","reference","primary",1
"S032",4,"A","comparison","primary",1
"S033",4,"B","reference","primary",1
"S034",4,"C","comparison","primary",1
"S035",4,"D","reference","primary",1
"S036",4,"A","comparison","primary",1
"S037",4,"B","reference","primary",1
"S038",4,"C","comparison","primary",1
"S039",4,"D","reference","primary",1
"S040",4,"A","comparison","primary",1
"S041",4,"B","reference","primary",1
"S042",4,"C","comparison","primary",1
"S043",4,"D","reference","primary",1
"S044",4,"A","comparison","primary",1
"S045",4,"B","reference","primary",1
"S046",4,"C","comparison","primary",1
"S047",4,"D","reference","primary",1
"S048",4,"A","comparison","primary",1
"S049",4,"B","reference","primary",1
"S050",4,"C","comparison","primary",1
"S051",4,"D","reference","primary",1
"S052",4,"A","comparison","primary",1
"S053",4,"B","reference","primary",1
"S054",4,"C","comparison","primary",1
"S055",4,"D","reference","primary",1
"S056",4,"A","comparison","primary",1
"S057",4,"B","reference","primary",1
"S058",4,"C","comparison","primary",1
"S059",4,"D","reference","primary",1
"S060",4,"A","comparison","primary",1
"S061",4,"B","reference","primary",1
"S062",4,"C","comparison","primary",1
"S063",4,"D","reference","primary",1
"S064",4,"A","comparison","primary",1
"S065",4,"B","reference","primary",1
"S066",4,"C","comparison","primary",1
"S067",4,"D","reference","primary",1
"S068",4,"A","comparison","primary",1
"S069",4,"B","reference","primary",1
"S070",4,"C","comparison","primary",1
"S071",4,"D","reference","primary",1
"S072",4,"A","comparison","primary",1
"S001",5,"C","reference","primary",1
"S002",5,"A","comparison","primary",1
"S003",5,"A","reference","primary",1
"S004",5,"C","comparison","primary",1
"S005",5,"C","reference","primary",1
"S006",5,"A","comparison","primary",1
"S007",5,"A","reference","primary",1
"S008",5,"C","comparison","primary",1
"S009",5,"C","reference","primary",1
"S010",5,"A","comparison","primary",1
"S011",5,"A","reference","primary",1
"S012",5,"C","comparison","primary",1
"S013",5,"C","reference","primary",1
"S014",5,"A","comparison","primary",1
"S015",5,"A","reference","primary",1
"S016",5,"C","comparison","primary",1
"S017",5,"C","reference","primary",1
"S018",5,"A","comparison","primary",1
"S019",5,"A","reference","primary",1
"S020",5,"C","comparison","primary",1
"S021",5,"C","reference","primary",1
"S022",5,"A","comparison","primary",1
"S023",5,"A","reference","primary",1
"S024",5,"C","comparison","primary",1
"S025",5,"C","reference","primary",1
"S026",5,"A","comparison","primary",1
"S027",5,"A","reference","primary",1
"S028",5,"C","comparison","primary",1
"S029",5,"C","reference","primary",1
"S030",5,"A","comparison","primary",1
"S031",5,"A","reference","primary",1
"S032",5,"C","comparison","primary",1
"S033",5,"C","reference","primary",1
"S034",5,"A","comparison","primary",1
"S035",5,"A","reference","primary",1
"S036",5,"C","comparison","primary",1
"S037",5,"C","reference","primary",1
"S038",5,"A","comparison","primary",1
"S039",5,"A","reference","primary",1
"S040",5,"C","comparison","primary",1
"S041",5,"C","reference","primary",1
"S042",5,"A","comparison","primary",1
"S043",5,"A","reference","primary",1
"S044",5,"C","comparison","primary",1
"S045",5,"C","reference","primary",1
"S046",5,"A","comparison","primary",1
"S047",5,"A","reference","primary",1
"S048",5,"C","comparison","primary",1
"S049",5,"C","reference","primary",1
"S050",5,"A","comparison","primary",1
"S051",5,"A","reference","primary",1
"S052",5,"C","comparison","primary",1
"S053",5,"C","reference","primary",1
"S054",5,"A","comparison","primary",1
"S055",5,"A","reference","primary",1
"S056",5,"C","comparison","primary",1
"S057",5,"C","reference","primary",1
"S058",5,"A","comparison","primary",1
"S059",5,"A","reference","primary",1
"S060",5,"C","comparison","primary",1
"S061",5,"C","reference","primary",1
"S062",5,"A","comparison","primary",1
"S063",5,"A","reference","primary",1
"S064",5,"C","comparison","primary",1
"S065",5,"C","reference","primary",1
"S066",5,"A","comparison","primary",1
"S067",5,"A","reference","primary",1
"S068",5,"C","comparison","primary",1
"S069",5,"C","reference","primary",1
"S070",5,"A","comparison","primary",1
"S071",5,"A","reference","primary",1
"S072",5,"C","comparison","primary",1
"S001",6,"D","reference","primary",1
"S002",6,"C","comparison","primary",1
"S003",6,"B","reference","primary",1
"S004",6,"A","comparison","primary",1
"S005",6,"D","reference","primary",1
"S006",6,"C","comparison","primary",1
"S007",6,"B","reference","primary",1
"S008",6,"A","comparison","primary",1
"S009",6,"D","reference","primary",1
"S010",6,"C","comparison","primary",1
"S011",6,"B","reference","primary",1
"S012",6,"A","comparison","primary",1
"S013",6,"D","reference","primary",1
"S014",6,"C","comparison","primary",1
"S015",6,"B","reference","primary",1
"S016",6,"A","comparison","primary",1
"S017",6,"D","reference","primary",1
"S018",6,"C","comparison","primary",1
"S019",6,"B","reference","primary",1
"S020",6,"A","comparison","primary",1
"S021",6,"D","reference","primary",1
"S022",6,"C","comparison","primary",1
"S023",6,"B","reference","primary",1
"S024",6,"A","comparison","primary",1
"S025",6,"D","reference","primary",1
"S026",6,"C","comparison","primary",1
"S027",6,"B","reference","primary",1
"S028",6,"A","comparison","primary",1
"S029",6,"D","reference","primary",1
"S030",6,"C","comparison","primary",1
"S031",6,"B","reference","primary",1
"S032",6,"A","comparison","primary",1
"S033",6,"D","reference","primary",1
"S034",6,"C","comparison","primary",1
"S035",6,"B","reference","primary",1
"S036",6,"A","comparison","primary",1
"S037",6,"D","reference","primary",1
"S038",6,"C","comparison","primary",1
"S039",6,"B","reference","primary",1
"S040",6,"A","comparison","primary",1
"S041",6,"D","reference","primary",1
"S042",6,"C","comparison","primary",1
"S043",6,"B","reference","primary",1
"S044",6,"A","comparison","primary",1
"S045",6,"D","reference","primary",1
"S046",6,"C","comparison","primary",1
"S047",6,"B","reference","primary",1
"S048",6,"A","comparison","primary",1
"S049",6,"D","reference","primary",1
"S050",6,"C","comparison","primary",1
"S051",6,"B","reference","primary",1
"S052",6,"A","comparison","primary",1
"S053",6,"D","reference","primary",1
"S054",6,"C","comparison","primary",1
"S055",6,"B","reference","primary",1
"S056",6,"A","comparison","primary",1
"S057",6,"D","reference","primary",1
"S058",6,"C","comparison","primary",1
"S059",6,"B","reference","primary",1
"S060",6,"A","comparison","primary",1
"S061",6,"D","reference","primary",1
"S062",6,"C","comparison","primary",1
"S063",6,"B","reference","primary",1
"S064",6,"A","comparison","primary",1
"S065",6,"D","reference","primary",1
"S066",6,"C","comparison","primary",1
"S067",6,"B","reference","primary",1
"S068",6,"A","comparison","primary",1
"S069",6,"D","reference","primary",1
"S070",6,"C","comparison","primary",1
"S071",6,"B","reference","primary",1
"S072",6,"A","comparison","primary",1
"S001",7,"B","reference","primary",1
"S002",7,"A","comparison","primary",1
"S003",7,"D","reference","primary",1
"S004",7,"C","comparison","primary",1
"S005",7,"B","reference","primary",1
"S006",7,"A","comparison","primary",1
"S007",7,"D","reference","primary",1
"S008",7,"C","comparison","primary",1
"S009",7,"B","reference","primary",1
"S010",7,"A","comparison","primary",1
"S011",7,"D","reference","primary",1
"S012",7,"C","comparison","primary",1
"S013",7,"B","reference","primary",1
"S014",7,"A","comparison","primary",1
"S015",7,"D","reference","primary",1
"S016",7,"C","comparison","primary",1
"S017",7,"B","reference","primary",1
"S018",7,"A","comparison","primary",1
"S019",7,"D","reference","primary",1
"S020",7,"C","comparison","primary",1
"S021",7,"B","reference","primary",1
"S022",7,"A","comparison","primary",1
"S023",7,"D","reference","primary",1
"S024",7,"C","comparison","primary",1
"S025",7,"B","reference","primary",1
"S026",7,"A","comparison","primary",1
"S027",7,"D","reference","primary",1
"S028",7,"C","comparison","primary",1
"S029",7,"B","reference","primary",1
"S030",7,"A","comparison","primary",1
"S031",7,"D","reference","primary",1
"S032",7,"C","comparison","primary",1
"S033",7,"B","reference","primary",1
"S034",7,"A","comparison","primary",1
"S035",7,"D","reference","primary",1
"S036",7,"C","comparison","primary",1
"S037",7,"B","reference","primary",1
"S038",7,"A","comparison","primary",1
"S039",7,"D","reference","primary",1
"S040",7,"C","comparison","primary",1
"S041",7,"B","reference","primary",1
"S042",7,"A","comparison","primary",1
"S043",7,"D","reference","primary",1
"S044",7,"C","comparison","primary",1
"S045",7,"B","reference","primary",1
"S046",7,"A","comparison","primary",1
"S047",7,"D","reference","primary",1
"S048",7,"C","comparison","primary",1
"S049",7,"B","reference","primary",1
"S050",7,"A","comparison","primary",1
"S051",7,"D","reference","primary",1
"S052",7,"C","comparison","primary",1
"S053",7,"B","reference","primary",1
"S054",7,"A","comparison","primary",1
"S055",7,"D","reference","primary",1
"S056",7,"C","comparison","primary",1
"S057",7,"B","reference","primary",1
"S058",7,"A","comparison","primary",1
"S059",7,"D","reference","primary",1
"S060",7,"C","comparison","primary",1
"S061",7,"B","reference","primary",1
"S062",7,"A","comparison","primary",1
"S063",7,"D","reference","primary",1
"S064",7,"C","comparison","primary",1
"S065",7,"B","reference","primary",1
"S066",7,"A","comparison","primary",1
"S067",7,"D","reference","primary",1
"S068",7,"C","comparison","primary",1
"S069",7,"B","reference","primary",1
"S070",7,"A","comparison","primary",1
"S071",7,"D","reference","primary",1
"S072",7,"C","comparison","primary",1
"S001",8,"C","reference","primary",1
"S002",8,"C","comparison","primary",1
"S003",8,"A","reference","primary",1
"S004",8,"A","comparison","primary",1
"S005",8,"C","reference","primary",1
"S006",8,"C","comparison","primary",1
"S007",8,"A","reference","primary",1
"S008",8,"A","comparison","primary",1
"S009",8,"C","reference","primary",1
"S010",8,"C","comparison","primary",1
"S011",8,"A","reference","primary",1
"S012",8,"A","comparison","primary",1
"S013",8,"C","reference","primary",1
"S014",8,"C","comparison","primary",1
"S015",8,"A","reference","primary",1
"S016",8,"A","comparison","primary",1
"S017",8,"C","reference","primary",1
"S018",8,"C","comparison","primary",1
"S019",8,"A","reference","primary",1
"S020",8,"A","comparison","primary",1
"S021",8,"C","reference","primary",1
"S022",8,"C","comparison","primary",1
"S023",8,"A","reference","primary",1
"S024",8,"A","comparison","primary",1
"S025",8,"C","reference","primary",1
"S026",8,"C","comparison","primary",1
"S027",8,"A","reference","primary",1
"S028",8,"A","comparison","primary",1
"S029",8,"C","reference","primary",1
"S030",8,"C","comparison","primary",1
"S031",8,"A","reference","primary",1
"S032",8,"A","comparison","primary",1
"S033",8,"C","reference","primary",1
"S034",8,"C","comparison","primary",1
"S035",8,"A","reference","primary",1
"S036",8,"A","comparison","primary",1
"S037",8,"C","reference","primary",1
"S038",8,"C","comparison","primary",1
"S039",8,"A","reference","primary",1
"S040",8,"A","comparison","primary",1
"S041",8,"C","reference","primary",1
"S042",8,"C","comparison","primary",1
"S043",8,"A","reference","primary",1
"S044",8,"A","comparison","primary",1
"S045",8,"C","reference","primary",1
"S046",8,"C","comparison","primary",1
"S047",8,"A","reference","primary",1
"S048",8,"A","comparison","primary",1
"S049",8,"C","reference","primary",1
"S050",8,"C","comparison","primary",1
"S051",8,"A","reference","primary",1
"S052",8,"A","comparison","primary",1
"S053",8,"C","reference","primary",1
"S054",8,"C","comparison","primary",1
"S055",8,"A","reference","primary",1
"S056",8,"A","comparison","primary",1
"S057",8,"C","reference","primary",1
"S058",8,"C","comparison","primary",1
"S059",8,"A","reference","primary",1
"S060",8,"A","comparison","primary",1
"S061",8,"C","reference","primary",1
"S062",8,"C","comparison","primary",1
"S063",8,"A","reference","primary",1
"S064",8,"A","comparison","primary",1
"S065",8,"C","reference","primary",1
"S066",8,"C","comparison","primary",1
"S067",8,"A","reference","primary",1
"S068",8,"A","comparison","primary",1
"S069",8,"C","reference","primary",1
"S070",8,"C","comparison","primary",1
"S071",8,"A","reference","primary",1
"S072",8,"A","comparison","primary",1
"S001",9,"D","reference","primary",1
"S002",9,"A","comparison","primary",1
"S003",9,"B","reference","primary",1
"S004",9,"C","comparison","primary",1
"S005",9,"D","reference","primary",1
"S006",9,"A","comparison","primary",1
"S007",9,"B","reference","primary",1
"S008",9,"C","comparison","primary",1
"S009",9,"D","reference","primary",1
"S010",9,"A","comparison","primary",1
"S011",9,"B","reference","primary",1
"S012",9,"C","comparison","primary",1
"S013",9,"D","reference","primary",1
"S014",9,"A","comparison","primary",1
"S015",9,"B","reference","primary",1
"S016",9,"C","comparison","primary",1
"S017",9,"D","reference","primary",1
"S018",9,"A","comparison","primary",1
"S019",9,"B","reference","primary",1
"S020",9,"C","comparison","primary",1
"S021",9,"D","reference","primary",1
"S022",9,"A","comparison","primary",1
"S023",9,"B","reference","primary",1
"S024",9,"C","comparison","primary",1
"S025",9,"D","reference","primary",1
"S026",9,"A","comparison","primary",1
"S027",9,"B","reference","primary",1
"S028",9,"C","comparison","primary",1
"S029",9,"D","reference","primary",1
"S030",9,"A","comparison","primary",1
"S031",9,"B","reference","primary",1
"S032",9,"C","comparison","primary",1
"S033",9,"D","reference","primary",1
"S034",9,"A","comparison","primary",1
"S035",9,"B","reference","primary",1
"S036",9,"C","comparison","primary",1
"S037",9,"D","reference","primary",1
"S038",9,"A","comparison","primary",1
"S039",9,"B","reference","primary",1
"S040",9,"C","comparison","primary",1
"S041",9,"D","reference","primary",1
"S042",9,"A","comparison","primary",1
"S043",9,"B","reference","primary",1
"S044",9,"C","comparison","primary",1
"S045",9,"D","reference","primary",1
"S046",9,"A","comparison","primary",1
"S047",9,"B","reference","primary",1
"S048",9,"C","comparison","primary",1
"S049",9,"D","reference","primary",1
"S050",9,"A","comparison","primary",1
"S051",9,"B","reference","primary",1
"S052",9,"C","comparison","primary",1
"S053",9,"D","reference","primary",1
"S054",9,"A","comparison","primary",1
"S055",9,"B","reference","primary",1
"S056",9,"C","comparison","primary",1
"S057",9,"D","reference","primary",1
"S058",9,"A","comparison","primary",1
"S059",9,"B","reference","primary",1
"S060",9,"C","comparison","primary",1
"S061",9,"D","reference","primary",1
"S062",9,"A","comparison","primary",1
"S063",9,"B","reference","primary",1
"S064",9,"C","comparison","primary",1
"S065",9,"D","reference","primary",1
"S066",9,"A","comparison","primary",1
"S067",9,"B","reference","primary",1
"S068",9,"C","comparison","primary",1
"S069",9,"D","reference","primary",1
"S070",9,"A","comparison","primary",1
"S071",9,"B","reference","primary",1
"S072",9,"C","comparison","primary",1
"S001",10,"A","reference","primary",1
"S002",10,"C","comparison","primary",1
"S003",10,"C","reference","primary",1
"S004",10,"A","comparison","primary",1
"S005",10,"A","reference","primary",1
"S006",10,"C","comparison","primary",1
"S007",10,"C","reference","primary",1
"S008",10,"A","comparison","primary",1
"S009",10,"A","reference","primary",1
"S010",10,"C","comparison","primary",1
"S011",10,"C","reference","primary",1
"S012",10,"A","comparison","primary",1
"S013",10,"A","reference","primary",1
"S014",10,"C","comparison","primary",1
"S015",10,"C","reference","primary",1
"S016",10,"A","comparison","primary",1
"S017",10,"A","reference","primary",1
"S018",10,"C","comparison","primary",1
"S019",10,"C","reference","primary",1
"S020",10,"A","comparison","primary",1
"S021",10,"A","reference","primary",1
"S022",10,"C","comparison","primary",1
"S023",10,"C","reference","primary",1
"S024",10,"A","comparison","primary",1
"S025",10,"A","reference","primary",1
"S026",10,"C","comparison","primary",1
"S027",10,"C","reference","primary",1
"S028",10,"A","comparison","primary",1
"S029",10,"A","reference","primary",1
"S030",10,"C","comparison","primary",1
"S031",10,"C","reference","primary",1
"S032",10,"A","comparison","primary",1
"S033",10,"A","reference","primary",1
"S034",10,"C","comparison","primary",1
"S035",10,"C","reference","primary",1
"S036",10,"A","comparison","primary",1
"S037",10,"A","reference","primary",1
"S038",10,"C","comparison","primary",1
"S039",10,"C","reference","primary",1
"S040",10,"A","comparison","primary",1
"S041",10,"A","reference","primary",1
"S042",10,"C","comparison","primary",1
"S043",10,"C","reference","primary",1
"S044",10,"A","comparison","primary",1
"S045",10,"A","reference","primary",1
"S046",10,"C","comparison","primary",1
"S047",10,"C","reference","primary",1
"S048",10,"A","comparison","primary",1
"S049",10,"A","reference","primary",1
"S050",10,"C","comparison","primary",1
"S051",10,"C","reference","primary",1
"S052",10,"A","comparison","primary",1
"S053",10,"A","reference","primary",1
"S054",10,"C","comparison","primary",1
"S055",10,"C","reference","primary",1
"S056",10,"A","comparison","primary",1
"S057",10,"A","reference","primary",1
"S058",10,"C","comparison","primary",1
"S059",10,"C","reference","primary",1
"S060",10,"A","comparison","primary",1
"S061",10,"A","reference","primary",1
"S062",10,"C","comparison","primary",1
"S063",10,"C","reference","primary",1
"S064",10,"A","comparison","primary",1
"S065",10,"A","reference","primary",1
"S066",10,"C","comparison","primary",1
"S067",10,"C","reference","primary",1
"S068",10,"A","comparison","primary",1
"S069",10,"A","reference","primary",1
"S070",10,"C","comparison","primary",1
"S071",10,"C","reference","primary",1
"S072",10,"A","comparison","primary",1
"S001",11,"B","reference","primary",1
"S002",11,"A","comparison","primary",1
"S003",11,"D","reference","primary",1
"S004",11,"C","comparison","primary",1
"S005",11,"B","reference","primary",1
"S006",11,"A","comparison","primary",1
"S007",11,"D","reference","primary",1
"S008",11,"C","comparison","primary",1
"S009",11,"B","reference","primary",1
"S010",11,"A","comparison","primary",1
"S011",11,"D","reference","primary",1
"S012",11,"C","comparison","primary",1
"S013",11,"B","reference","primary",1
"S014",11,"A","comparison","primary",1
"S015",11,"D","reference","primary",1
"S016",11,"C","comparison","primary",1
"S017",11,"B","reference","primary",1
"S018",11,"A","comparison","primary",1
"S019",11,"D","reference","primary",1
"S020",11,"C","comparison","primary",1
"S021",11,"B","reference","primary",1
"S022",11,"A","comparison","primary",1
"S023",11,"D","reference","primary",1
"S024",11,"C","comparison","primary",1
"S025",11,"B","reference","primary",1
"S026",11,"A","comparison","primary",1
"S027",11,"D","reference","primary",1
"S028",11,"C","comparison","primary",1
"S029",11,"B","reference","primary",1
"S030",11,"A","comparison","primary",1
"S031",11,"D","reference","primary",1
"S032",11,"C","comparison","primary",1
"S033",11,"B","reference","primary",1
"S034",11,"A","comparison","primary",1
"S035",11,"D","reference","primary",1
"S036",11,"C","comparison","primary",1
"S037",11,"B","reference","primary",1
"S038",11,"A","comparison","primary",1
"S039",11,"D","reference","primary",1
"S040",11,"C","comparison","primary",1
"S041",11,"B","reference","primary",1
"S042",11,"A","comparison","primary",1
"S043",11,"D","reference","primary",1
"S044",11,"C","comparison","primary",1
"S045",11,"B","reference","primary",1
"S046",11,"A","comparison","primary",1
"S047",11,"D","reference","primary",1
"S048",11,"C","comparison","primary",1
"S049",11,"B","reference","primary",1
"S050",11,"A","comparison","primary",1
"S051",11,"D","reference","primary",1
"S052",11,"C","comparison","primary",1
"S053",11,"B","reference","primary",1
"S054",11,"A","comparison","primary",1
"S055",11,"D","reference","primary",1
"S056",11,"C","comparison","primary",1
"S057",11,"B","reference","primary",1
"S058",11,"A","comparison","primary",1
"S059",11,"D","reference","primary",1
"S060",11,"C","comparison","primary",1
"S061",11,"B","reference","primary",1
"S062",11,"A","comparison","primary",1
"S063",11,"D","reference","primary",1
"S064",11,"C","comparison","primary",1
"S065",11,"B","reference","primary",1
"S066",11,"A","comparison","primary",1
"S067",11,"D","reference","primary",1
"S068",11,"C","comparison","primary",1
"S069",11,"B","reference","primary",1
"S070",11,"A","comparison","primary",1
"S071",11,"D","reference","primary",1
"S072",11,"C","comparison","primary",1
"S001",12,"C","reference","primary",1
"S002",12,"C","comparison","primary",1
"S003",12,"A","reference","primary",1
"S004",12,"A","comparison","primary",1
"S005",12,"C","reference","primary",1
"S006",12,"C","comparison","primary",1
"S007",12,"A","reference","primary",1
"S008",12,"A","comparison","primary",1
"S009",12,"C","reference","primary",1
"S010",12,"C","comparison","primary",1
"S011",12,"A","reference","primary",1
"S012",12,"A","comparison","primary",1
"S013",12,"C","reference","primary",1
"S014",12,"C","comparison","primary",1
"S015",12,"A","reference","primary",1
"S016",12,"A","comparison","primary",1
"S017",12,"C","reference","primary",1
"S018",12,"C","comparison","primary",1
"S019",12,"A","reference","primary",1
"S020",12,"A","comparison","primary",1
"S021",12,"C","reference","primary",1
"S022",12,"C","comparison","primary",1
"S023",12,"A","reference","primary",1
"S024",12,"A","comparison","primary",1
"S025",12,"C","reference","primary",1
"S026",12,"C","comparison","primary",1
"S027",12,"A","reference","primary",1
"S028",12,"A","comparison","primary",1
"S029",12,"C","reference","primary",1
"S030",12,"C","comparison","primary",1
"S031",12,"A","reference","primary",1
"S032",12,"A","comparison","primary",1
"S033",12,"C","reference","primary",1
"S034",12,"C","comparison","primary",1
"S035",12,"A","reference","primary",1
"S036",12,"A","comparison","primary",1
"S037",12,"C","reference","primary",1
"S038",12,"C","comparison","primary",1
"S039",12,"A","reference","primary",1
"S040",12,"A","comparison","primary",1
"S041",12,"C","reference","primary",1
"S042",12,"C","comparison","primary",1
"S043",12,"A","reference","primary",1
"S044",12,"A","comparison","primary",1
"S045",12,"C","reference","primary",1
"S046",12,"C","comparison","primary",1
"S047",12,"A","reference","primary",1
"S048",12,"A","comparison","primary",1
"S049",12,"C","reference","primary",1
"S050",12,"C","comparison","primary",1
"S051",12,"A","reference","primary",1
"S052",12,"A","comparison","primary",1
"S053",12,"C","reference","primary",1
"S054",12,"C","comparison","primary",1
"S055",12,"A","reference","primary",1
"S056",12,"A","comparison","primary",1
"S057",12,"C","reference","primary",1
"S058",12,"C","comparison","primary",1
"S059",12,"A","reference","primary",1
"S060",12,"A","comparison","primary",1
"S061",12,"C","reference","primary",1
"S062",12,"C","comparison","primary",1
"S063",12,"A","reference","primary",1
"S064",12,"A","comparison","primary",1
"S065",12,"C","reference","primary",1
"S066",12,"C","comparison","primary",1
"S067",12,"A","reference","primary",1
"S068",12,"A","comparison","primary",1
"S069",12,"C","reference","primary",1
"S070",12,"C","comparison","primary",1
"S071",12,"A","reference","primary",1
"S072",12,"A","comparison","primary",1
"S001",13,"A","reference","primary",1
"S002",13,"C","comparison","primary",1
"S003",13,"C","reference","primary",1
"S004",13,"A","comparison","primary",1
"S005",13,"A","reference","primary",1
"S006",13,"C","comparison","primary",1
"S007",13,"C","reference","primary",1
"S008",13,"A","comparison","primary",1
"S009",13,"A","reference","primary",1
"S010",13,"C","comparison","primary",1
"S011",13,"C","reference","primary",1
"S012",13,"A","comparison","primary",1
"S013",13,"A","reference","primary",1
"S014",13,"C","comparison","primary",1
"S015",13,"C","reference","primary",1
"S016",13,"A","comparison","primary",1
"S017",13,"A","reference","primary",1
"S018",13,"C","comparison","primary",1
"S019",13,"C","reference","primary",1
"S020",13,"A","comparison","primary",1
"S021",13,"A","reference","primary",1
"S022",13,"C","comparison","primary",1
"S023",13,"C","reference","primary",1
"S024",13,"A","comparison","primary",1
"S025",13,"A","reference","primary",1
"S026",13,"C","comparison","primary",1
"S027",13,"C","reference","primary",1
"S028",13,"A","comparison","primary",1
"S029",13,"A","reference","primary",1
"S030",13,"C","comparison","primary",1
"S031",13,"C","reference","primary",1
"S032",13,"A","comparison","primary",1
"S033",13,"A","reference","primary",1
"S034",13,"C","comparison","primary",1
"S035",13,"C","reference","primary",1
"S036",13,"A","comparison","primary",1
"S037",13,"A","reference","primary",1
"S038",13,"C","comparison","primary",1
"S039",13,"C","reference","primary",1
"S040",13,"A","comparison","primary",1
"S041",13,"A","reference","primary",1
"S042",13,"C","comparison","primary",1
"S043",13,"C","reference","primary",1
"S044",13,"A","comparison","primary",1
"S045",13,"A","reference","primary",1
"S046",13,"C","comparison","primary",1
"S047",13,"C","reference","primary",1
"S048",13,"A","comparison","primary",1
"S049",13,"A","reference","primary",1
"S050",13,"C","comparison","primary",1
"S051",13,"C","reference","primary",1
"S052",13,"A","comparison","primary",1
"S053",13,"A","reference","primary",1
"S054",13,"C","comparison","primary",1
"S055",13,"C","reference","primary",1
"S056",13,"A","comparison","primary",1
"S057",13,"A","reference","primary",1
"S058",13,"C","comparison","primary",1
"S059",13,"C","reference","primary",1
"S060",13,"A","comparison","primary",1
"S061",13,"A","reference","primary",1
"S062",13,"C","comparison","primary",1
"S063",13,"C","reference","primary",1
"S064",13,"A","comparison","primary",1
"S065",13,"A","reference","primary",1
"S066",13,"C","comparison","primary",1
"S067",13,"C","reference","primary",1
"S068",13,"A","comparison","primary",1
"S069",13,"A","reference","primary",1
"S070",13,"C","comparison","primary",1
"S071",13,"C","reference","primary",1
"S072",13,"A","comparison","primary",1
"S001",14,"B","reference","primary",1
"S002",14,"A","comparison","primary",1
"S003",14,"D","reference","primary",1
"S004",14,"C","comparison","primary",1
"S005",14,"B","reference","primary",1
"S006",14,"A","comparison","primary",1
"S007",14,"D","reference","primary",1
"S008",14,"C","comparison","primary",1
"S009",14,"B","reference","primary",1
"S010",14,"A","comparison","primary",1
"S011",14,"D","reference","primary",1
"S012",14,"C","comparison","primary",1
"S013",14,"B","reference","primary",1
"S014",14,"A","comparison","primary",1
"S015",14,"D","reference","primary",1
"S016",14,"C","comparison","primary",1
"S017",14,"B","reference","primary",1
"S018",14,"A","comparison","primary",1
"S019",14,"D","reference","primary",1
"S020",14,"C","comparison","primary",1
"S021",14,"B","reference","primary",1
"S022",14,"A","comparison","primary",1
"S023",14,"D","reference","primary",1
"S024",14,"C","comparison","primary",1
"S025",14,"B","reference","primary",1
"S026",14,"A","comparison","primary",1
"S027",14,"D","reference","primary",1
"S028",14,"C","comparison","primary",1
"S029",14,"B","reference","primary",1
"S030",14,"A","comparison","primary",1
"S031",14,"D","reference","primary",1
"S032",14,"C","comparison","primary",1
"S033",14,"B","reference","primary",1
"S034",14,"A","comparison","primary",1
"S035",14,"D","reference","primary",1
"S036",14,"C","comparison","primary",1
"S037",14,"B","reference","primary",1
"S038",14,"A","comparison","primary",1
"S039",14,"D","reference","primary",1
"S040",14,"C","comparison","primary",1
"S041",14,"B","reference","primary",1
"S042",14,"A","comparison","primary",1
"S043",14,"D","reference","primary",1
"S044",14,"C","comparison","primary",1
"S045",14,"B","reference","primary",1
"S046",14,"A","comparison","primary",1
"S047",14,"D","reference","primary",1
"S048",14,"C","comparison","primary",1
"S049",14,"B","reference","primary",1
"S050",14,"A","comparison","primary",1
"S051",14,"D","reference","primary",1
"S052",14,"C","comparison","primary",1
"S053",14,"B","reference","primary",1
"S054",14,"A","comparison","primary",1
"S055",14,"D","reference","primary",1
"S056",14,"C","comparison","primary",1
"S057",14,"B","reference","primary",1
"S058",14,"A","comparison","primary",1
"S059",14,"D","reference","primary",1
"S060",14,"C","comparison","primary",1
"S061",14,"B","reference","primary",1
"S062",14,"A","comparison","primary",1
"S063",14,"D","reference","primary",1
"S064",14,"C","comparison","primary",1
"S065",14,"B","reference","primary",1
"S066",14,"A","comparison","primary",1
"S067",14,"D","reference","primary",1
"S068",14,"C","comparison","primary",1
"S069",14,"B","reference","primary",1
"S070",14,"A","comparison","primary",1
"S071",14,"D","reference","primary",1
"S072",14,"C","comparison","primary",1
"S001",15,"C","reference","primary",1
"S002",15,"C","comparison","primary",1
"S003",15,"A","reference","primary",1
"S004",15,"A","comparison","primary",1
"S005",15,"C","reference","primary",1
"S006",15,"C","comparison","primary",1
"S007",15,"A","reference","primary",1
"S008",15,"A","comparison","primary",1
"S009",15,"C","reference","primary",1
"S010",15,"C","comparison","primary",1
"S011",15,"A","reference","primary",1
"S012",15,"A","comparison","primary",1
"S013",15,"C","reference","primary",1
"S014",15,"C","comparison","primary",1
"S015",15,"A","reference","primary",1
"S016",15,"A","comparison","primary",1
"S017",15,"C","reference","primary",1
"S018",15,"C","comparison","primary",1
"S019",15,"A","reference","primary",1
"S020",15,"A","comparison","primary",1
"S021",15,"C","reference","primary",1
"S022",15,"C","comparison","primary",1
"S023",15,"A","reference","primary",1
"S024",15,"A","comparison","primary",1
"S025",15,"C","reference","primary",1
"S026",15,"C","comparison","primary",1
"S027",15,"A","reference","primary",1
"S028",15,"A","comparison","primary",1
"S029",15,"C","reference","primary",1
"S030",15,"C","comparison","primary",1
"S031",15,"A","reference","primary",1
"S032",15,"A","comparison","primary",1
"S033",15,"C","reference","primary",1
"S034",15,"C","comparison","primary",1
"S035",15,"A","reference","primary",1
"S036",15,"A","comparison","primary",1
"S037",15,"C","reference","primary",1
"S038",15,"C","comparison","primary",1
"S039",15,"A","reference","primary",1
"S040",15,"A","comparison","primary",1
"S041",15,"C","reference","primary",1
"S042",15,"C","comparison","primary",1
"S043",15,"A","reference","primary",1
"S044",15,"A","comparison","primary",1
"S045",15,"C","reference","primary",1
"S046",15,"C","comparison","primary",1
"S047",15,"A","reference","primary",1
"S048",15,"A","comparison","primary",1
"S049",15,"C","reference","primary",1
"S050",15,"C","comparison","primary",1
"S051",15,"A","reference","primary",1
"S052",15,"A","comparison","primary",1
"S053",15,"C","reference","primary",1
"S054",15,"C","comparison","primary",1
"S055",15,"A","reference","primary",1
"S056",15,"A","comparison","primary",1
"S057",15,"C","reference","primary",1
"S058",15,"C","comparison","primary",1
"S059",15,"A","reference","primary",1
"S060",15,"A","comparison","primary",1
"S061",15,"C","reference","primary",1
"S062",15,"C","comparison","primary",1
"S063",15,"A","reference","primary",1
"S064",15,"A","comparison","primary",1
"S065",15,"C","reference","primary",1
"S066",15,"C","comparison","primary",1
"S067",15,"A","reference","primary",1
"S068",15,"A","comparison","primary",1
"S069",15,"C","reference","primary",1
"S070",15,"C","comparison","primary",1
"S071",15,"A","reference","primary",1
"S072",15,"A","comparison","primary",1
"S001",16,"D","reference","primary",1
"S002",16,"A","comparison","primary",1
"S003",16,"B","reference","primary",1
"S004",16,"C","comparison","primary",1
"S005",16,"D","reference","primary",1
"S006",16,"A","comparison","primary",1
"S007",16,"B","reference","primary",1
"S008",16,"C","comparison","primary",1
"S009",16,"D","reference","primary",1
"S010",16,"A","comparison","primary",1
"S011",16,"B","reference","primary",1
"S012",16,"C","comparison","primary",1
"S013",16,"D","reference","primary",1
"S014",16,"A","comparison","primary",1
"S015",16,"B","reference","primary",1
"S016",16,"C","comparison","primary",1
"S017",16,"D","reference","primary",1
"S018",16,"A","comparison","primary",1
"S019",16,"B","reference","primary",1
"S020",16,"C","comparison","primary",1
"S021",16,"D","reference","primary",1
"S022",16,"A","comparison","primary",1
"S023",16,"B","reference","primary",1
"S024",16,"C","comparison","primary",1
"S025",16,"D","reference","primary",1
"S026",16,"A","comparison","primary",1
"S027",16,"B","reference","primary",1
"S028",16,"C","comparison","primary",1
"S029",16,"D","reference","primary",1
"S030",16,"A","comparison","primary",1
"S031",16,"B","reference","primary",1
"S032",16,"C","comparison","primary",1
"S033",16,"D","reference","primary",1
"S034",16,"A","comparison","primary",1
"S035",16,"B","reference","primary",1
"S036",16,"C","comparison","primary",1
"S037",16,"D","reference","primary",1
"S038",16,"A","comparison","primary",1
"S039",16,"B","reference","primary",1
"S040",16,"C","comparison","primary",1
"S041",16,"D","reference","primary",1
"S042",16,"A","comparison","primary",1
"S043",16,"B","reference","primary",1
"S044",16,"C","comparison","primary",1
"S045",16,"D","reference","primary",1
"S046",16,"A","comparison","primary",1
"S047",16,"B","reference","primary",1
"S048",16,"C","comparison","primary",1
"S049",16,"D","reference","primary",1
"S050",16,"A","comparison","primary",1
"S051",16,"B","reference","primary",1
"S052",16,"C","comparison","primary",1
"S053",16,"D","reference","primary",1
"S054",16,"A","comparison","primary",1
"S055",16,"B","reference","primary",1
"S056",16,"C","comparison","primary",1
"S057",16,"D","reference","primary",1
"S058",16,"A","comparison","primary",1
"S059",16,"B","reference","primary",1
"S060",16,"C","comparison","primary",1
"S061",16,"D","reference","primary",1
"S062",16,"A","comparison","primary",1
"S063",16,"B","reference","primary",1
"S064",16,"C","comparison","primary",1
"S065",16,"D","reference","primary",1
"S066",16,"A","comparison","primary",1
"S067",16,"B","reference","primary",1
"S068",16,"C","comparison","primary",1
"S069",16,"D","reference","primary",1
"S070",16,"A","comparison","primary",1
"S071",16,"B","reference","primary",1
"S072",16,"C","comparison","primary",1
"S001",17,"A","reference","primary",1
"S002",17,"C","comparison","primary",1
"S003",17,"C","reference","primary",1
"S004",17,"A","comparison","primary",1
"S005",17,"A","reference","primary",1
"S006",17,"C","comparison","primary",1
"S007",17,"C","reference","primary",1
"S008",17,"A","comparison","primary",1
"S009",17,"A","reference","primary",1
"S010",17,"C","comparison","primary",1
"S011",17,"C","reference","primary",1
"S012",17,"A","comparison","primary",1
"S013",17,"A","reference","primary",1
"S014",17,"C","comparison","primary",1
"S015",17,"C","reference","primary",1
"S016",17,"A","comparison","primary",1
"S017",17,"A","reference","primary",1
"S018",17,"C","comparison","primary",1
"S019",17,"C","reference","primary",1
"S020",17,"A","comparison","primary",1
"S021",17,"A","reference","primary",1
"S022",17,"C","comparison","primary",1
"S023",17,"C","reference","primary",1
"S024",17,"A","comparison","primary",1
"S025",17,"A","reference","primary",1
"S026",17,"C","comparison","primary",1
"S027",17,"C","reference","primary",1
"S028",17,"A","comparison","primary",1
"S029",17,"A","reference","primary",1
"S030",17,"C","comparison","primary",1
"S031",17,"C","reference","primary",1
"S032",17,"A","comparison","primary",1
"S033",17,"A","reference","primary",1
"S034",17,"C","comparison","primary",1
"S035",17,"C","reference","primary",1
"S036",17,"A","comparison","primary",1
"S037",17,"A","reference","primary",1
"S038",17,"C","comparison","primary",1
"S039",17,"C","reference","primary",1
"S040",17,"A","comparison","primary",1
"S041",17,"A","reference","primary",1
"S042",17,"C","comparison","primary",1
"S043",17,"C","reference","primary",1
"S044",17,"A","comparison","primary",1
"S045",17,"A","reference","primary",1
"S046",17,"C","comparison","primary",1
"S047",17,"C","reference","primary",1
"S048",17,"A","comparison","primary",1
"S049",17,"A","reference","primary",1
"S050",17,"C","comparison","primary",1
"S051",17,"C","reference","primary",1
"S052",17,"A","comparison","primary",1
"S053",17,"A","reference","primary",1
"S054",17,"C","comparison","primary",1
"S055",17,"C","reference","primary",1
"S056",17,"A","comparison","primary",1
"S057",17,"A","reference","primary",1
"S058",17,"C","comparison","primary",1
"S059",17,"C","reference","primary",1
"S060",17,"A","comparison","primary",1
"S061",17,"A","reference","primary",1
"S062",17,"C","comparison","primary",1
"S063",17,"C","reference","primary",1
"S064",17,"A","comparison","primary",1
"S065",17,"A","reference","primary",1
"S066",17,"C","comparison","primary",1
"S067",17,"C","reference","primary",1
"S068",17,"A","comparison","primary",1
"S069",17,"A","reference","primary",1
"S070",17,"C","comparison","primary",1
"S071",17,"C","reference","primary",1
"S072",17,"A","comparison","primary",1
"S001",18,"B","reference","primary",1
"S002",18,"A","comparison","primary",1
"S003",18,"D","reference","primary",1
"S004",18,"C","comparison","primary",1
"S005",18,"B","reference","primary",1
"S006",18,"A","comparison","primary",1
"S007",18,"D","reference","primary",1
"S008",18,"C","comparison","primary",1
"S009",18,"B","reference","primary",1
"S010",18,"A","comparison","primary",1
"S011",18,"D","reference","primary",1
"S012",18,"C","comparison","primary",1
"S013",18,"B","reference","primary",1
"S014",18,"A","comparison","primary",1
"S015",18,"D","reference","primary",1
"S016",18,"C","comparison","primary",1
"S017",18,"B","reference","primary",1
"S018",18,"A","comparison","primary",1
"S019",18,"D","reference","primary",1
"S020",18,"C","comparison","primary",1
"S021",18,"B","reference","primary",1
"S022",18,"A","comparison","primary",1
"S023",18,"D","reference","primary",1
"S024",18,"C","comparison","primary",1
"S025",18,"B","reference","primary",1
"S026",18,"A","comparison","primary",1
"S027",18,"D","reference","primary",1
"S028",18,"C","comparison","primary",1
"S029",18,"B","reference","primary",1
"S030",18,"A","comparison","primary",1
"S031",18,"D","reference","primary",1
"S032",18,"C","comparison","primary",1
"S033",18,"B","reference","primary",1
"S034",18,"A","comparison","primary",1
"S035",18,"D","reference","primary",1
"S036",18,"C","comparison","primary",1
"S037",18,"B","reference","primary",1
"S038",18,"A","comparison","primary",1
"S039",18,"D","reference","primary",1
"S040",18,"C","comparison","primary",1
"S041",18,"B","reference","primary",1
"S042",18,"A","comparison","primary",1
"S043",18,"D","reference","primary",1
"S044",18,"C","comparison","primary",1
"S045",18,"B","reference","primary",1
"S046",18,"A","comparison","primary",1
"S047",18,"D","reference","primary",1
"S048",18,"C","comparison","primary",1
"S049",18,"B","reference","primary",1
"S050",18,"A","comparison","primary",1
"S051",18,"D","reference","primary",1
"S052",18,"C","comparison","primary",1
"S053",18,"B","reference","primary",1
"S054",18,"A","comparison","primary",1
"S055",18,"D","reference","primary",1
"S056",18,"C","comparison","primary",1
"S057",18,"B","reference","primary",1
"S058",18,"A","comparison","primary",1
"S059",18,"D","reference","primary",1
"S060",18,"C","comparison","primary",1
"S061",18,"B","reference","primary",1
"S062",18,"A","comparison","primary",1
"S063",18,"D","reference","primary",1
"S064",18,"C","comparison","primary",1
"S065",18,"B","reference","primary",1
"S066",18,"A","comparison","primary",1
"S067",18,"D","reference","primary",1
"S068",18,"C","comparison","primary",1
"S069",18,"B","reference","primary",1
"S070",18,"A","comparison","primary",1
"S071",18,"D","reference","primary",1
"S072",18,"C","comparison","primary",1
"S001",19,"D","reference","primary",1
"S002",19,"C","comparison","primary",1
"S003",19,"B","reference","primary",1
"S004",19,"A","comparison","primary",1
"S005",19,"D","reference","primary",1
"S006",19,"C","comparison","primary",1
"S007",19,"B","reference","primary",1
"S008",19,"A","comparison","primary",1
"S009",19,"D","reference","primary",1
"S010",19,"C","comparison","primary",1
"S011",19,"B","reference","primary",1
"S012",19,"A","comparison","primary",1
"S013",19,"D","reference","primary",1
"S014",19,"C","comparison","primary",1
"S015",19,"B","reference","primary",1
"S016",19,"A","comparison","primary",1
"S017",19,"D","reference","primary",1
"S018",19,"C","comparison","primary",1
"S019",19,"B","reference","primary",1
"S020",19,"A","comparison","primary",1
"S021",19,"D","reference","primary",1
"S022",19,"C","comparison","primary",1
"S023",19,"B","reference","primary",1
"S024",19,"A","comparison","primary",1
"S025",19,"D","reference","primary",1
"S026",19,"C","comparison","primary",1
"S027",19,"B","reference","primary",1
"S028",19,"A","comparison","primary",1
"S029",19,"D","reference","primary",1
"S030",19,"C","comparison","primary",1
"S031",19,"B","reference","primary",1
"S032",19,"A","comparison","primary",1
"S033",19,"D","reference","primary",1
"S034",19,"C","comparison","primary",1
"S035",19,"B","reference","primary",1
"S036",19,"A","comparison","primary",1
"S037",19,"D","reference","primary",1
"S038",19,"C","comparison","primary",1
"S039",19,"B","reference","primary",1
"S040",19,"A","comparison","primary",1
"S041",19,"D","reference","primary",1
"S042",19,"C","comparison","primary",1
"S043",19,"B","reference","primary",1
"S044",19,"A","comparison","primary",1
"S045",19,"D","reference","primary",1
"S046",19,"C","comparison","primary",1
"S047",19,"B","reference","primary",1
"S048",19,"A","comparison","primary",1
"S049",19,"D","reference","primary",1
"S050",19,"C","comparison","primary",1
"S051",19,"B","reference","primary",1
"S052",19,"A","comparison","primary",1
"S053",19,"D","reference","primary",1
"S054",19,"C","comparison","primary",1
"S055",19,"B","reference","primary",1
"S056",19,"A","comparison","primary",1
"S057",19,"D","reference","primary",1
"S058",19,"C","comparison","primary",1
"S059",19,"B","reference","primary",1
"S060",19,"A","comparison","primary",1
"S061",19,"D","reference","primary",1
"S062",19,"C","comparison","primary",1
"S063",19,"B","reference","primary",1
"S064",19,"A","comparison","primary",1
"S065",19,"D","reference","primary",1
"S066",19,"C","comparison","primary",1
"S067",19,"B","reference","primary",1
"S068",19,"A","comparison","primary",1
"S069",19,"D","reference","primary",1
"S070",19,"C","comparison","primary",1
"S071",19,"B","reference","primary",1
"S072",19,"A","comparison","primary",1
"S001",20,"A","reference","primary",1
"S002",20,"A","comparison","primary",1
"S003",20,"C","reference","primary",1
"S004",20,"C","comparison","primary",1
"S005",20,"A","reference","primary",1
"S006",20,"A","comparison","primary",1
"S007",20,"C","reference","primary",1
"S008",20,"C","comparison","primary",1
"S009",20,"A","reference","primary",1
"S010",20,"A","comparison","primary",1
"S011",20,"C","reference","primary",1
"S012",20,"C","comparison","primary",1
"S013",20,"A","reference","primary",1
"S014",20,"A","comparison","primary",1
"S015",20,"C","reference","primary",1
"S016",20,"C","comparison","primary",1
"S017",20,"A","reference","primary",1
"S018",20,"A","comparison","primary",1
"S019",20,"C","reference","primary",1
"S020",20,"C","comparison","primary",1
"S021",20,"A","reference","primary",1
"S022",20,"A","comparison","primary",1
"S023",20,"C","reference","primary",1
"S024",20,"C","comparison","primary",1
"S025",20,"A","reference","primary",1
"S026",20,"A","comparison","primary",1
"S027",20,"C","reference","primary",1
"S028",20,"C","comparison","primary",1
"S029",20,"A","reference","primary",1
"S030",20,"A","comparison","primary",1
"S031",20,"C","reference","primary",1
"S032",20,"C","comparison","primary",1
"S033",20,"A","reference","primary",1
"S034",20,"A","comparison","primary",1
"S035",20,"C","reference","primary",1
"S036",20,"C","comparison","primary",1
"S037",20,"A","reference","primary",1
"S038",20,"A","comparison","primary",1
"S039",20,"C","reference","primary",1
"S040",20,"C","comparison","primary",1
"S041",20,"A","reference","primary",1
"S042",20,"A","comparison","primary",1
"S043",20,"C","reference","primary",1
"S044",20,"C","comparison","primary",1
"S045",20,"A","reference","primary",1
"S046",20,"A","comparison","primary",1
"S047",20,"C","reference","primary",1
"S048",20,"C","comparison","primary",1
"S049",20,"A","reference","primary",1
"S050",20,"A","comparison","primary",1
"S051",20,"C","reference","primary",1
"S052",20,"C","comparison","primary",1
"S053",20,"A","reference","primary",1
"S054",20,"A","comparison","primary",1
"S055",20,"C","reference","primary",1
"S056",20,"C","comparison","primary",1
"S057",20,"A","reference","primary",1
"S058",20,"A","comparison","primary",1
"S059",20,"C","reference","primary",1
"S060",20,"C","comparison","primary",1
"S061",20,"A","reference","primary",1
"S062",20,"A","comparison","primary",1
"S063",20,"C","reference","primary",1
"S064",20,"C","comparison","primary",1
"S065",20,"A","reference","primary",1
"S066",20,"A","comparison","primary",1
"S067",20,"C","reference","primary",1
"S068",20,"C","comparison","primary",1
"S069",20,"A","reference","primary",1
"S070",20,"A","comparison","primary",1
"S071",20,"C","reference","primary",1
"S072",20,"C","comparison","primary",1
"S001",21,"B","reference","primary",1
"S002",21,"C","comparison","primary",1
"S003",21,"D","reference","primary",1
"S004",21,"A","comparison","primary",1
"S005",21,"B","reference","primary",1
"S006",21,"C","comparison","primary",1
"S007",21,"D","reference","primary",1
"S008",21,"A","comparison","primary",1
"S009",21,"B","reference","primary",1
"S010",21,"C","comparison","primary",1
"S011",21,"D","reference","primary",1
"S012",21,"A","comparison","primary",1
"S013",21,"B","reference","primary",1
"S014",21,"C","comparison","primary",1
"S015",21,"D","reference","primary",1
"S016",21,"A","comparison","primary",1
"S017",21,"B","reference","primary",1
"S018",21,"C","comparison","primary",1
"S019",21,"D","reference","primary",1
"S020",21,"A","comparison","primary",1
"S021",21,"B","reference","primary",1
"S022",21,"C","comparison","primary",1
"S023",21,"D","reference","primary",1
"S024",21,"A","comparison","primary",1
"S025",21,"B","reference","primary",1
"S026",21,"C","comparison","primary",1
"S027",21,"D","reference","primary",1
"S028",21,"A","comparison","primary",1
"S029",21,"B","reference","primary",1
"S030",21,"C","comparison","primary",1
"S031",21,"D","reference","primary",1
"S032",21,"A","comparison","primary",1
"S033",21,"B","reference","primary",1
"S034",21,"C","comparison","primary",1
"S035",21,"D","reference","primary",1
"S036",21,"A","comparison","primary",1
"S037",21,"B","reference","primary",1
"S038",21,"C","comparison","primary",1
"S039",21,"D","reference","primary",1
"S040",21,"A","comparison","primary",1
"S041",21,"B","reference","primary",1
"S042",21,"C","comparison","primary",1
"S043",21,"D","reference","primary",1
"S044",21,"A","comparison","primary",1
"S045",21,"B","reference","primary",1
"S046",21,"C","comparison","primary",1
"S047",21,"D","reference","primary",1
"S048",21,"A","comparison","primary",1
"S049",21,"B","reference","primary",1
"S050",21,"C","comparison","primary",1
"S051",21,"D","reference","primary",1
"S052",21,"A","comparison","primary",1
"S053",21,"B","reference","primary",1
"S054",21,"C","comparison","primary",1
"S055",21,"D","reference","primary",1
"S056",21,"A","comparison","primary",1
"S057",21,"B","reference","primary",1
"S058",21,"C","comparison","primary",1
"S059",21,"D","reference","primary",1
"S060",21,"A","comparison","primary",1
"S061",21,"B","reference","primary",1
"S062",21,"C","comparison","primary",1
"S063",21,"D","reference","primary",1
"S064",21,"A","comparison","primary",1
"S065",21,"B","reference","primary",1
"S066",21,"C","comparison","primary",1
"S067",21,"D","reference","primary",1
"S068",21,"A","comparison","primary",1
"S069",21,"B","reference","primary",1
"S070",21,"C","comparison","primary",1
"S071",21,"D","reference","primary",1
"S072",21,"A","comparison","primary",1
"S001",22,"C","reference","primary",1
"S002",22,"A","comparison","primary",1
"S003",22,"A","reference","primary",1
"S004",22,"C","comparison","primary",1
"S005",22,"C","reference","primary",1
"S006",22,"A","comparison","primary",1
"S007",22,"A","reference","primary",1
"S008",22,"C","comparison","primary",1
"S009",22,"C","reference","primary",1
"S010",22,"A","comparison","primary",1
"S011",22,"A","reference","primary",1
"S012",22,"C","comparison","primary",1
"S013",22,"C","reference","primary",1
"S014",22,"A","comparison","primary",1
"S015",22,"A","reference","primary",1
"S016",22,"C","comparison","primary",1
"S017",22,"C","reference","primary",1
"S018",22,"A","comparison","primary",1
"S019",22,"A","reference","primary",1
"S020",22,"C","comparison","primary",1
"S021",22,"C","reference","primary",1
"S022",22,"A","comparison","primary",1
"S023",22,"A","reference","primary",1
"S024",22,"C","comparison","primary",1
"S025",22,"C","reference","primary",1
"S026",22,"A","comparison","primary",1
"S027",22,"A","reference","primary",1
"S028",22,"C","comparison","primary",1
"S029",22,"C","reference","primary",1
"S030",22,"A","comparison","primary",1
"S031",22,"A","reference","primary",1
"S032",22,"C","comparison","primary",1
"S033",22,"C","reference","primary",1
"S034",22,"A","comparison","primary",1
"S035",22,"A","reference","primary",1
"S036",22,"C","comparison","primary",1
"S037",22,"C","reference","primary",1
"S038",22,"A","comparison","primary",1
"S039",22,"A","reference","primary",1
"S040",22,"C","comparison","primary",1
"S041",22,"C","reference","primary",1
"S042",22,"A","comparison","primary",1
"S043",22,"A","reference","primary",1
"S044",22,"C","comparison","primary",1
"S045",22,"C","reference","primary",1
"S046",22,"A","comparison","primary",1
"S047",22,"A","reference","primary",1
"S048",22,"C","comparison","primary",1
"S049",22,"C","reference","primary",1
"S050",22,"A","comparison","primary",1
"S051",22,"A","reference","primary",1
"S052",22,"C","comparison","primary",1
"S053",22,"C","reference","primary",1
"S054",22,"A","comparison","primary",1
"S055",22,"A","reference","primary",1
"S056",22,"C","comparison","primary",1
"S057",22,"C","reference","primary",1
"S058",22,"A","comparison","primary",1
"S059",22,"A","reference","primary",1
"S060",22,"C","comparison","primary",1
"S061",22,"C","reference","primary",1
"S062",22,"A","comparison","primary",1
"S063",22,"A","reference","primary",1
"S064",22,"C","comparison","primary",1
"S065",22,"C","reference","primary",1
"S066",22,"A","comparison","primary",1
"S067",22,"A","reference","primary",1
"S068",22,"C","comparison","primary",1
"S069",22,"C","reference","primary",1
"S070",22,"A","comparison","primary",1
"S071",22,"A","reference","primary",1
"S072",22,"C","comparison","primary",1
"S001",23,"D","reference","primary",1
"S002",23,"C","comparison","primary",1
"S003",23,"B","reference","primary",1
"S004",23,"A","comparison","primary",1
"S005",23,"D","reference","primary",1
"S006",23,"C","comparison","primary",1
"S007",23,"B","reference","primary",1
"S008",23,"A","comparison","primary",1
"S009",23,"D","reference","primary",1
"S010",23,"C","comparison","primary",1
"S011",23,"B","reference","primary",1
"S012",23,"A","comparison","primary",1
"S013",23,"D","reference","primary",1
"S014",23,"C","comparison","primary",1
"S015",23,"B","reference","primary",1
"S016",23,"A","comparison","primary",1
"S017",23,"D","reference","primary",1
"S018",23,"C","comparison","primary",1
"S019",23,"B","reference","primary",1
"S020",23,"A","comparison","primary",1
"S021",23,"D","reference","primary",1
"S022",23,"C","comparison","primary",1
"S023",23,"B","reference","primary",1
"S024",23,"A","comparison","primary",1
"S025",23,"D","reference","primary",1
"S026",23,"C","comparison","primary",1
"S027",23,"B","reference","primary",1
"S028",23,"A","comparison","primary",1
"S029",23,"D","reference","primary",1
"S030",23,"C","comparison","primary",1
"S031",23,"B","reference","primary",1
"S032",23,"A","comparison","primary",1
"S033",23,"D","reference","primary",1
"S034",23,"C","comparison","primary",1
"S035",23,"B","reference","primary",1
"S036",23,"A","comparison","primary",1
"S037",23,"D","reference","primary",1
"S038",23,"C","comparison","primary",1
"S039",23,"B","reference","primary",1
"S040",23,"A","comparison","primary",1
"S041",23,"D","reference","primary",1
"S042",23,"C","comparison","primary",1
"S043",23,"B","reference","primary",1
"S044",23,"A","comparison","primary",1
"S045",23,"D","reference","primary",1
"S046",23,"C","comparison","primary",1
"S047",23,"B","reference","primary",1
"S048",23,"A","comparison","primary",1
"S049",23,"D","reference","primary",1
"S050",23,"C","comparison","primary",1
"S051",23,"B","reference","primary",1
"S052",23,"A","comparison","primary",1
"S053",23,"D","reference","primary",1
"S054",23,"C","comparison","primary",1
"S055",23,"B","reference","primary",1
"S056",23,"A","comparison","primary",1
"S057",23,"D","reference","primary",1
"S058",23,"C","comparison","primary",1
"S059",23,"B","reference","primary",1
"S060",23,"A","comparison","primary",1
"S061",23,"D","reference","primary",1
"S062",23,"C","comparison","primary",1
"S063",23,"B","reference","primary",1
"S064",23,"A","comparison","primary",1
"S065",23,"D","reference","primary",1
"S066",23,"C","comparison","primary",1
"S067",23,"B","reference","primary",1
"S068",23,"A","comparison","primary",1
"S069",23,"D","reference","primary",1
"S070",23,"C","comparison","primary",1
"S071",23,"B","reference","primary",1
"S072",23,"A","comparison","primary",1
"S001",24,"A","reference","primary",1
"S002",24,"A","comparison","primary",1
"S003",24,"C","reference","primary",1
"S004",24,"C","comparison","primary",1
"S005",24,"A","reference","primary",1
"S006",24,"A","comparison","primary",1
"S007",24,"C","reference","primary",1
"S008",24,"C","comparison","primary",1
"S009",24,"A","reference","primary",1
"S010",24,"A","comparison","primary",1
"S011",24,"C","reference","primary",1
"S012",24,"C","comparison","primary",1
"S013",24,"A","reference","primary",1
"S014",24,"A","comparison","primary",1
"S015",24,"C","reference","primary",1
"S016",24,"C","comparison","primary",1
"S017",24,"A","reference","primary",1
"S018",24,"A","comparison","primary",1
"S019",24,"C","reference","primary",1
"S020",24,"C","comparison","primary",1
"S021",24,"A","reference","primary",1
"S022",24,"A","comparison","primary",1
"S023",24,"C","reference","primary",1
"S024",24,"C","comparison","primary",1
"S025",24,"A","reference","primary",1
"S026",24,"A","comparison","primary",1
"S027",24,"C","reference","primary",1
"S028",24,"C","comparison","primary",1
"S029",24,"A","reference","primary",1
"S030",24,"A","comparison","primary",1
"S031",24,"C","reference","primary",1
"S032",24,"C","comparison","primary",1
"S033",24,"A","reference","primary",1
"S034",24,"A","comparison","primary",1
"S035",24,"C","reference","primary",1
"S036",24,"C","comparison","primary",1
"S037",24,"A","reference","primary",1
"S038",24,"A","comparison","primary",1
"S039",24,"C","reference","primary",1
"S040",24,"C","comparison","primary",1
"S041",24,"A","reference","primary",1
"S042",24,"A","comparison","primary",1
"S043",24,"C","reference","primary",1
"S044",24,"C","comparison","primary",1
"S045",24,"A","reference","primary",1
"S046",24,"A","comparison","primary",1
"S047",24,"C","reference","primary",1
"S048",24,"C","comparison","primary",1
"S049",24,"A","reference","primary",1
"S050",24,"A","comparison","primary",1
"S051",24,"C","reference","primary",1
"S052",24,"C","comparison","primary",1
"S053",24,"A","reference","primary",1
"S054",24,"A","comparison","primary",1
"S055",24,"C","reference","primary",1
"S056",24,"C","comparison","primary",1
"S057",24,"A","reference","primary",1
"S058",24,"A","comparison","primary",1
"S059",24,"C","reference","primary",1
"S060",24,"C","comparison","primary",1
"S061",24,"A","reference","primary",1
"S062",24,"A","comparison","primary",1
"S063",24,"C","reference","primary",1
"S064",24,"C","comparison","primary",1
"S065",24,"A","reference","primary",1
"S066",24,"A","comparison","primary",1
"S067",24,"C","reference","primary",1
"S068",24,"C","comparison","primary",1
"S069",24,"A","reference","primary",1
"S070",24,"A","comparison","primary",1
"S071",24,"C","reference","primary",1
"S072",24,"C","comparison","primary",1
