"stage","manuscript_step","gp3sequences_functions","scaffold_status","interpretation_boundary"
1,"Validate the long-format contract","validate_sequence_data","data created; analysis pending","structural validity only"
2,"Audit ordering, coding, and missingness","audit_sequence_data","analysis pending","data-quality evidence only"
3,"Prepare analysis-ready sequences","prepare_sequence_data","analysis pending","preprocessing is explicit and replayable"
4,"Describe states and transitions","summarise_sequence_states; summarise_sequence_transitions","analysis pending","descriptive patterns are not mechanisms"
5,"Extract contiguous and bounded noncontiguous patterns","extract_sequence_ngrams; extract_sequence_subsequences","analysis pending","pattern frequency is not causal importance"
6,"Compute dissimilarities and assess clustering","compute_sequence_distance; cluster_sequences; validate_sequence_clusters","analysis pending","clusters require validation and substantive caution"
7,"Construct and summarize transition networks","create_transition_network; summarise_transition_centrality","analysis pending","centrality is structural rather than psychological"
8,"Run declared-design group inference","declare_sequence_comparison_design; test_sequence_group_difference","analysis pending","inference follows the declared design"
9,"Audit outputs and compare provenance","audit_sequence_analysis; compare_sequence_analysis_results","analysis pending","provenance supports auditability rather than truth guarantees"
