"package","feature","support","evidence_source","verification_note"
"gp3sequences","neutral_long_format_input","verify from current documentation","",""
"TraMineR","neutral_long_format_input","not yet assessed","",""
"seqHMM","neutral_long_format_input","not yet assessed","",""
"arulesSequences","neutral_long_format_input","not yet assessed","",""
"WeightedCluster","neutral_long_format_input","not yet assessed","",""
"ClickClust","neutral_long_format_input","not yet assessed","",""
"PST","neutral_long_format_input","not yet assessed","",""
"march","neutral_long_format_input","not yet assessed","",""
"gp3sequences","explicit_preprocessing_policy","verify from current documentation","",""
"TraMineR","explicit_preprocessing_policy","not yet assessed","",""
"seqHMM","explicit_preprocessing_policy","not yet assessed","",""
"arulesSequences","explicit_preprocessing_policy","not yet assessed","",""
"WeightedCluster","explicit_preprocessing_policy","not yet assessed","",""
"ClickClust","explicit_preprocessing_policy","not yet assessed","",""
"PST","explicit_preprocessing_policy","not yet assessed","",""
"march","explicit_preprocessing_policy","not yet assessed","",""
"gp3sequences","state_sequence_summaries","verify from current documentation","",""
"TraMineR","state_sequence_summaries","not yet assessed","",""
"seqHMM","state_sequence_summaries","not yet assessed","",""
"arulesSequences","state_sequence_summaries","not yet assessed","",""
"WeightedCluster","state_sequence_summaries","not yet assessed","",""
"ClickClust","state_sequence_summaries","not yet assessed","",""
"PST","state_sequence_summaries","not yet assessed","",""
"march","state_sequence_summaries","not yet assessed","",""
"gp3sequences","motif_or_pattern_mining","verify from current documentation","",""
"TraMineR","motif_or_pattern_mining","not yet assessed","",""
"seqHMM","motif_or_pattern_mining","not yet assessed","",""
"arulesSequences","motif_or_pattern_mining","not yet assessed","",""
"WeightedCluster","motif_or_pattern_mining","not yet assessed","",""
"ClickClust","motif_or_pattern_mining","not yet assessed","",""
"PST","motif_or_pattern_mining","not yet assessed","",""
"march","motif_or_pattern_mining","not yet assessed","",""
"gp3sequences","bounded_noncontiguous_subsequences","verify from current documentation","",""
"TraMineR","bounded_noncontiguous_subsequences","not yet assessed","",""
"seqHMM","bounded_noncontiguous_subsequences","not yet assessed","",""
"arulesSequences","bounded_noncontiguous_subsequences","not yet assessed","",""
"WeightedCluster","bounded_noncontiguous_subsequences","not yet assessed","",""
"ClickClust","bounded_noncontiguous_subsequences","not yet assessed","",""
"PST","bounded_noncontiguous_subsequences","not yet assessed","",""
"march","bounded_noncontiguous_subsequences","not yet assessed","",""
"gp3sequences","sequence_distances","verify from current documentation","",""
"TraMineR","sequence_distances","not yet assessed","",""
"seqHMM","sequence_distances","not yet assessed","",""
"arulesSequences","sequence_distances","not yet assessed","",""
"WeightedCluster","sequence_distances","not yet assessed","",""
"ClickClust","sequence_distances","not yet assessed","",""
"PST","sequence_distances","not yet assessed","",""
"march","sequence_distances","not yet assessed","",""
"gp3sequences","clustering","verify from current documentation","",""
"TraMineR","clustering","not yet assessed","",""
"seqHMM","clustering","not yet assessed","",""
"arulesSequences","clustering","not yet assessed","",""
"WeightedCluster","clustering","not yet assessed","",""
"ClickClust","clustering","not yet assessed","",""
"PST","clustering","not yet assessed","",""
"march","clustering","not yet assessed","",""
"gp3sequences","cluster_stability","verify from current documentation","",""
"TraMineR","cluster_stability","not yet assessed","",""
"seqHMM","cluster_stability","not yet assessed","",""
"arulesSequences","cluster_stability","not yet assessed","",""
"WeightedCluster","cluster_stability","not yet assessed","",""
"ClickClust","cluster_stability","not yet assessed","",""
"PST","cluster_stability","not yet assessed","",""
"march","cluster_stability","not yet assessed","",""
"gp3sequences","transition_networks","verify from current documentation","",""
"TraMineR","transition_networks","not yet assessed","",""
"seqHMM","transition_networks","not yet assessed","",""
"arulesSequences","transition_networks","not yet assessed","",""
"WeightedCluster","transition_networks","not yet assessed","",""
"ClickClust","transition_networks","not yet assessed","",""
"PST","transition_networks","not yet assessed","",""
"march","transition_networks","not yet assessed","",""
"gp3sequences","higher_order_markov","verify from current documentation","",""
"TraMineR","higher_order_markov","not yet assessed","",""
"seqHMM","higher_order_markov","not yet assessed","",""
"arulesSequences","higher_order_markov","not yet assessed","",""
"WeightedCluster","higher_order_markov","not yet assessed","",""
"ClickClust","higher_order_markov","not yet assessed","",""
"PST","higher_order_markov","not yet assessed","",""
"march","higher_order_markov","not yet assessed","",""
"gp3sequences","categorical_hmm","verify from current documentation","",""
"TraMineR","categorical_hmm","not yet assessed","",""
"seqHMM","categorical_hmm","not yet assessed","",""
"arulesSequences","categorical_hmm","not yet assessed","",""
"WeightedCluster","categorical_hmm","not yet assessed","",""
"ClickClust","categorical_hmm","not yet assessed","",""
"PST","categorical_hmm","not yet assessed","",""
"march","categorical_hmm","not yet assessed","",""
"gp3sequences","mixture_hmm","verify from current documentation","",""
"TraMineR","mixture_hmm","not yet assessed","",""
"seqHMM","mixture_hmm","not yet assessed","",""
"arulesSequences","mixture_hmm","not yet assessed","",""
"WeightedCluster","mixture_hmm","not yet assessed","",""
"ClickClust","mixture_hmm","not yet assessed","",""
"PST","mixture_hmm","not yet assessed","",""
"march","mixture_hmm","not yet assessed","",""
"gp3sequences","multichannel_hmm","verify from current documentation","",""
"TraMineR","multichannel_hmm","not yet assessed","",""
"seqHMM","multichannel_hmm","not yet assessed","",""
"arulesSequences","multichannel_hmm","not yet assessed","",""
"WeightedCluster","multichannel_hmm","not yet assessed","",""
"ClickClust","multichannel_hmm","not yet assessed","",""
"PST","multichannel_hmm","not yet assessed","",""
"march","multichannel_hmm","not yet assessed","",""
"gp3sequences","covariate_hmm","verify from current documentation","",""
"TraMineR","covariate_hmm","not yet assessed","",""
"seqHMM","covariate_hmm","not yet assessed","",""
"arulesSequences","covariate_hmm","not yet assessed","",""
"WeightedCluster","covariate_hmm","not yet assessed","",""
"ClickClust","covariate_hmm","not yet assessed","",""
"PST","covariate_hmm","not yet assessed","",""
"march","covariate_hmm","not yet assessed","",""
"gp3sequences","longitudinal_panel_workflow","verify from current documentation","",""
"TraMineR","longitudinal_panel_workflow","not yet assessed","",""
"seqHMM","longitudinal_panel_workflow","not yet assessed","",""
"arulesSequences","longitudinal_panel_workflow","not yet assessed","",""
"WeightedCluster","longitudinal_panel_workflow","not yet assessed","",""
"ClickClust","longitudinal_panel_workflow","not yet assessed","",""
"PST","longitudinal_panel_workflow","not yet assessed","",""
"march","longitudinal_panel_workflow","not yet assessed","",""
"gp3sequences","time_varying_models","verify from current documentation","",""
"TraMineR","time_varying_models","not yet assessed","",""
"seqHMM","time_varying_models","not yet assessed","",""
"arulesSequences","time_varying_models","not yet assessed","",""
"WeightedCluster","time_varying_models","not yet assessed","",""
"ClickClust","time_varying_models","not yet assessed","",""
"PST","time_varying_models","not yet assessed","",""
"march","time_varying_models","not yet assessed","",""
"gp3sequences","design_aware_inference","verify from current documentation","",""
"TraMineR","design_aware_inference","not yet assessed","",""
"seqHMM","design_aware_inference","not yet assessed","",""
"arulesSequences","design_aware_inference","not yet assessed","",""
"WeightedCluster","design_aware_inference","not yet assessed","",""
"ClickClust","design_aware_inference","not yet assessed","",""
"PST","design_aware_inference","not yet assessed","",""
"march","design_aware_inference","not yet assessed","",""
"gp3sequences","machine_readable_diagnostics","verify from current documentation","",""
"TraMineR","machine_readable_diagnostics","not yet assessed","",""
"seqHMM","machine_readable_diagnostics","not yet assessed","",""
"arulesSequences","machine_readable_diagnostics","not yet assessed","",""
"WeightedCluster","machine_readable_diagnostics","not yet assessed","",""
"ClickClust","machine_readable_diagnostics","not yet assessed","",""
"PST","machine_readable_diagnostics","not yet assessed","",""
"march","machine_readable_diagnostics","not yet assessed","",""
"gp3sequences","analysis_contracts","verify from current documentation","",""
"TraMineR","analysis_contracts","not yet assessed","",""
"seqHMM","analysis_contracts","not yet assessed","",""
"arulesSequences","analysis_contracts","not yet assessed","",""
"WeightedCluster","analysis_contracts","not yet assessed","",""
"ClickClust","analysis_contracts","not yet assessed","",""
"PST","analysis_contracts","not yet assessed","",""
"march","analysis_contracts","not yet assessed","",""
"gp3sequences","provenance_comparison","verify from current documentation","",""
"TraMineR","provenance_comparison","not yet assessed","",""
"seqHMM","provenance_comparison","not yet assessed","",""
"arulesSequences","provenance_comparison","not yet assessed","",""
"WeightedCluster","provenance_comparison","not yet assessed","",""
"ClickClust","provenance_comparison","not yet assessed","",""
"PST","provenance_comparison","not yet assessed","",""
"march","provenance_comparison","not yet assessed","",""
"gp3sequences","specialist_interoperability","verify from current documentation","",""
"TraMineR","specialist_interoperability","not yet assessed","",""
"seqHMM","specialist_interoperability","not yet assessed","",""
"arulesSequences","specialist_interoperability","not yet assessed","",""
"WeightedCluster","specialist_interoperability","not yet assessed","",""
"ClickClust","specialist_interoperability","not yet assessed","",""
"PST","specialist_interoperability","not yet assessed","",""
"march","specialist_interoperability","not yet assessed","",""
